shade_code,color_name,hex_code
RAL 1000,Green beige,#CDBA88
RAL 1001,Beige,#D0B084
RAL 1002,Sand yellow,#D2AA6D
RAL 1003,Signal yellow,#F9A900
RAL 1004,Golden yellow,#E49E00
RAL 1005,Honey yellow,#CB8F00
RAL 1006,Maize yellow,#E19000
RAL 1007,Daffodil yellow,#E88C00
RAL 1011,Brown beige,#AF8050
RAL 1012,Lemon yellow,#DDAF28
RAL 1013,Oyster white,#E3D9C7
RAL 1014,Ivory,#DDC49B
RAL 1015,Light ivory,#E6D2B5
RAL 1016,Sulfur yellow,#F1DD39
RAL 1017,Saffron yellow,#F6A951
RAL 1018,Zinc yellow,#FACA31
RAL 1019,Grey beige,#A48F7A
RAL 1020,Olive yellow,#A08F65
RAL 1021,Colza yellow,#F6B600
RAL 1023,Traffic yellow,#F7B500
RAL 1024,Ochre yellow,#BA8F4C
RAL 1026,Luminous yellow,#FFFF00
RAL 1027,Curry,#A77F0F
RAL 1028,Melon yellow,#FF9C00
RAL 1032,Broom yellow,#E2A300
RAL 1033,Dahlia yellow,#F99A1D
RAL 1034,Pastel yellow,#EB9C52
RAL 1035,Pearl beige,#8F8370
RAL 1036,Pearl gold,#806440
RAL 1037,Sun yellow,#F09200
RAL 2000,Yellow orange,#DA6E00
RAL 2001,Red orange,#BA481C
RAL 2002,Vermilion,#BF3922
RAL 2003,Pastel orange,#F67829
RAL 2004,Pure orange,#E25304
RAL 2005,Luminous orange,#FF4D08
RAL 2007,Luminous bright orange,#FFB200
RAL 2008,Bright red orange,#EC6B22
RAL 2009,Traffic orange,#DE5308
RAL 2010,Signal orange,#D05D29
RAL 2011,Deep orange,#E26E0F
RAL 2012,Salmon orange,#D5654E
RAL 2013,Pearl orange,#923E25
RAL 2017,RAL orange,#FC5500
RAL 3000,Flame red,#A72920
RAL 3001,Signal red,#9B2423
RAL 3002,Carmine red,#9B2321
RAL 3003,Ruby red,#861A22
RAL 3004,Purple red,#6B1C23
RAL 3005,Wine red,#59191F
RAL 3007,Black red,#3E2022
RAL 3009,Oxide red,#6D342D
RAL 3011,Brown red,#782423
RAL 3012,Beige red,#C5856D
RAL 3013,Tomato red,#972E25
RAL 3014,Antique pink,#CB7375
RAL 3015,Light pink,#D8A0A6
RAL 3016,Coral red,#A63D30
RAL 3017,Rose,#CA555D
RAL 3018,Strawberry red,#C63F4A
RAL 3020,Traffic red,#BB1F11
RAL 3022,Salmon pink,#CF6955
RAL 3024,Luminous red,#FF2D21
RAL 3026,Luminous bright red,#FF2A1C
RAL 3027,Raspberry red,#AB273C
RAL 3028,Pure red,#CC2C24
RAL 3031,Orient red,#A63437
RAL 3032,Pearl ruby red,#701D24
RAL 3033,Pearl pink,#A53A2E
RAL 4001,Red lilac,#816183
RAL 4002,Red violet,#8D3C4B
RAL 4003,Heather violet,#C4618C
RAL 4004,Claret violet,#651E38
RAL 4005,Blue lilac,#76689A
RAL 4006,Traffic purple,#903373
RAL 4007,Purple violet,#47243C
RAL 4008,Signal violet,#844C82
RAL 4009,Pastel violet,#9D8692
RAL 4010,Telemagenta,#BB4077
RAL 4011,Pearl violet,#6E6387
RAL 4012,Pearl blackberry,#6A6B7F
RAL 5000,Violet blue,#304F6E
RAL 5001,Green blue,#0E4C64
RAL 5002,Ultramarine blue,#00387A
RAL 5003,Sapphire blue,#1F3855
RAL 5004,Black blue,#191E28
RAL 5005,Signal blue,#005387
RAL 5007,Brillant blue,#376B8C
RAL 5008,Grey blue,#2B3A44
RAL 5009,Azure blue,#215F78
RAL 5010,Gentian blue,#004F7C
RAL 5011,Steel blue,#1A2B3C
RAL 5012,Light blue,#0089B6
RAL 5013,Cobalt blue,#193153
RAL 5014,Pigeon blue,#637D96
RAL 5015,Sky blue,#007CAF
RAL 5017,Traffic blue,#005B8C
RAL 5018,Turquoise blue,#048B8C
RAL 5019,Capri blue,#005E83
RAL 5020,Ocean blue,#00414B
RAL 5021,Water blue,#007577
RAL 5022,Night blue,#222D5A
RAL 5023,Distant blue,#41698C
RAL 5024,Pastel blue,#6093AC
RAL 5025,Pearl gentian blue,#20697C
RAL 5026,Pearl night blue,#0F3052
RAL 6000,Patina green,#3C7460
RAL 6001,Emerald green,#366735
RAL 6002,Leaf green,#325928
RAL 6003,Olive green,#50533C
RAL 6004,Blue green,#024442
RAL 6005,Moss green,#114232
RAL 6006,Grey olive,#3C392E
RAL 6007,Bottle green,#2C3222
RAL 6008,Brown green,#36342A
RAL 6009,Fir green,#27352A
RAL 6010,Grass green,#4D6F39
RAL 6011,Reseda green,#6B7C59
RAL 6012,Black green,#2F3D3A
RAL 6013,Reed green,#7C765A
RAL 6014,Yellow olive,#474135
RAL 6015,Black olive,#3D3D36
RAL 6016,Turquoise green,#00694C
RAL 6017,May green,#587F40
RAL 6018,Yellow green,#60993B
RAL 6019,Pastel green,#B9CEAC
RAL 6020,Chrome green,#37422F
RAL 6021,Pale green,#8A9977
RAL 6022,Olive drab,#3A3327
RAL 6024,Traffic green,#008351
RAL 6025,Fern green,#5E6E3B
RAL 6026,Opal green,#005F4E
RAL 6027,Light green,#7EBAB5
RAL 6028,Pine green,#315442
RAL 6029,Mint green,#006F3D
RAL 6032,Signal green,#237F52
RAL 6033,Mint turquoise,#45877F
RAL 6034,Pastel turquoise,#7AADAC
RAL 6035,Pearl green,#194D25
RAL 6036,Pearl opal green,#04574B
RAL 6037,Pure green,#008B29
RAL 6038,Luminous green,#00B51B
RAL 6039,Fibrous green,#B3C43E
RAL 7000,Squirrel grey,#7A888E
RAL 7001,Silver grey,#8C979C
RAL 7002,Olive grey,#817863
RAL 7003,Moss grey,#797669
RAL 7004,Signal grey,#9A9B9B
RAL 7005,Mouse grey,#6B6E6B
RAL 7006,Beige grey,#766A5E
RAL 7008,Khaki grey,#745F3D
RAL 7009,Green grey,#5D6058
RAL 7010,Tarpaulin grey,#585C56
RAL 7011,Iron grey,#52595D
RAL 7012,Basalt grey,#575D5E
RAL 7013,Brown grey,#575044
RAL 7015,Slate grey,#4F5358
RAL 7016,Anthracite grey,#383E42
RAL 7021,Black grey,#2F3234
RAL 7022,Umbra grey,#4C4A44
RAL 7023,Concrete grey,#808076
RAL 7024,Graphite grey,#45494E
RAL 7026,Granite grey,#374345
RAL 7030,Stone grey,#928E85
RAL 7031,Blue grey,#5B686D
RAL 7032,Pebble grey,#B5B0A1
RAL 7033,Cement grey,#7F8274
RAL 7034,Yellow grey,#92886F
RAL 7035,Light grey,#C5C7C4
RAL 7036,Platinum grey,#979392
RAL 7037,Dusty grey,#7A7B7A
RAL 7038,Agate grey,#B0B0A9
RAL 7039,Quartz grey,#6B665E
RAL 7040,Window grey,#989EA1
RAL 7042,Traffic grey A,#8E9291
RAL 7043,Traffic grey B,#4F5250
RAL 7044,Silk grey,#B7B3A8
RAL 7045,Telegrey 1,#8D9295
RAL 7046,Telegrey 2,#7E868A
RAL 7047,Telegrey 4,#C8C8C7
RAL 7048,Pearl mouse grey,#817B73
RAL 8000,Green brown,#89693F
RAL 8001,Ochre brown,#9D622B
RAL 8002,Signal brown,#794D3E
RAL 8003,Clay brown,#7E4B27
RAL 8004,Copper brown,#8D4931
RAL 8007,Fawn brown,#70462B
RAL 8008,Olive brown,#724A25
RAL 8011,Nut brown,#5A3827
RAL 8012,Red brown,#66332B
RAL 8014,Sepia brown,#4A3526
RAL 8015,Chestnut brown,#5E2F26
RAL 8016,Mahogany brown,#4C2B20
RAL 8017,Chocolate brown,#442F29
RAL 8019,Grey brown,#3D3635
RAL 8022,Black brown,#1A1719
RAL 8023,Orange brown,#A45729
RAL 8024,Beige brown,#795038
RAL 8025,Pale brown,#755847
RAL 8028,Terra brown,#513A2A
RAL 8029,Pearl copper,#7F4031
RAL 9001,Cream,#E9E0D2
RAL 9002,Grey white,#D6D5CB
RAL 9003,Signal white,#ECECE7
RAL 9004,Signal black,#2B2B2C
RAL 9005,Jet black,#0E0E10
RAL 9006,White aluminium,#A1A1A0
RAL 9007,Grey aluminium,#868581
RAL 9010,Pure white,#F1EDE1
RAL 9011,Graphite black,#27292B
RAL 9012,Cleanroom white,#F8F2E1
RAL 9016,Traffic white,#F1F1EA
RAL 9017,Traffic black,#29292A
RAL 9018,Papyrus white,#C8CBC4
RAL 9022,Pearl light grey,#858583
RAL 9023,Pearl dark grey,#787B7A
PANTONE 100C,,#F3ED86
PANTONE 101C,,#F5EC62
PANTONE 102C,,#FAE600
PANTONE 103C,,#CAAD00
PANTONE 104C,,#AC9600
PANTONE 105C,,#817214
PANTONE 106C,,#F6E761
PANTONE 107C,,#FAE22F
PANTONE 108C,,#FEDB00
PANTONE 109C,,#FFD100
PANTONE 110C,,#DBAE00
PANTONE 111C,,#AF8F00
PANTONE 112C,,#998000
PANTONE 113C,,#FAE15A
PANTONE 114C,,#FAE051
PANTONE 115C,,#FBDE4A
PANTONE 116C,,#FFCE00
PANTONE 117C,,#CE9D00
PANTONE 118C,,#B38A00
PANTONE 119C,,#8A761A
PANTONE 120C,,#F9DF79
PANTONE 1205C,,#F3E2A7
PANTONE 121C,,#FBDB6E
PANTONE 1215C,,#F5DD92
PANTONE 122C,,#FDD44F
PANTONE 1225C,,#FDC745
PANTONE 123C,,#FFC726
PANTONE 1235C,,#FFB300
PANTONE 124C,,#EBAB00
PANTONE 1245C,,#C69200
PANTONE 125C,,#BB8900
PANTONE 1255C,,#AA800E
PANTONE 126C,,#A17C00
PANTONE 1265C,,#836514
PANTONE 127C,,#EFDF85
PANTONE 128C,,#F2D65E
PANTONE 129C,,#F1CD44
PANTONE 130C,,#F1AB00
PANTONE 131C,,#D49100
PANTONE 132C,,#A67A00
PANTONE 133C,,#715913
PANTONE 134C,,#F8D583
PANTONE 1345C,,#FBCF8D
PANTONE 135C,,#FEC85A
PANTONE 1355C,,#FDC87D
PANTONE 136C,,#FFBC3A
PANTONE 1365C,,#FFB754
PANTONE 137C,,#FF9F00
PANTONE 1375C,,#FF9A00
PANTONE 138C,,#E47F00
PANTONE 1385C,,#D67500
PANTONE 139C,,#B67100
PANTONE 1395C,,#9E6209
PANTONE 140C,,#7A560F
PANTONE 1405C,,#6C4713
PANTONE 141C,,#EFC868
PANTONE 142C,,#F1BB46
PANTONE 143C,,#EFAA23
PANTONE 144C,,#ED8000
PANTONE 145C,,#CF7600
PANTONE 146C,,#9F6000
PANTONE 147C,,#715821
PANTONE 148C,,#FBD09D
PANTONE 1485C,,#FFB57B
PANTONE 149C,,#FEC688
PANTONE 1495C,,#FF963B
PANTONE 150C,,#FFA94F
PANTONE 1505C,,#FF7200
PANTONE 151C,,#FF7300
PANTONE 152C,,#E76F00
PANTONE 1525C,,#CA4E00
PANTONE 153C,,#C06600
PANTONE 1535C,,#933F00
PANTONE 154C,,#995409
PANTONE 1545C,,#51260B
PANTONE 155C,,#ECD6AF
PANTONE 1555C,,#FFBFA0
PANTONE 156C,,#EFC18A
PANTONE 1565C,,#FFA97D
PANTONE 157C,,#ED9B4F
PANTONE 1575C,,#FF8642
PANTONE 158C,,#E96B10
PANTONE 1585C,,#FF6900
PANTONE 159C,,#CD5806
PANTONE 1595C,,#DA5C05
PANTONE 160C,,#A24E12
PANTONE 1605C,,#A24A13
PANTONE 161C,,#613517
PANTONE 1615C,,#853C10
PANTONE 162C,,#FDC3AA
PANTONE 1625C,,#FFA28B
PANTONE 163C,,#FF9C71
PANTONE 1635C,,#FF8E70
PANTONE 164C,,#FF7E43
PANTONE 1645C,,#FF6C3B
PANTONE 165C,,#FF5F00
PANTONE 1655C,,#FF5200
PANTONE 166C,,#E55300
PANTONE 1665C,,#E54800
PANTONE 167C,,#C2510F
PANTONE 1675C,,#A83C0F
PANTONE 168C,,#6F3014
PANTONE 1685C,,#863514
PANTONE 169C,,#FFB6B1
PANTONE 170C,,#FF897B
PANTONE 171C,,#FF6141
PANTONE 172C,,#FD4703
PANTONE 173C,,#D84519
PANTONE 174C,,#9A3416
PANTONE 175C,,#703222
PANTONE 176C,,#FFACB9
PANTONE 1765C,,#FE9DB0
PANTONE 1767C,,#FAAFC2
PANTONE 177C,,#FF818C
PANTONE 1775C,,#FF859A
PANTONE 1777C,,#FB6581
PANTONE 178C,,#FF5B60
PANTONE 1785C,,#F9455B
PANTONE 1787C,,#F9425F
PANTONE 1788C,,#F02233
PANTONE 179C,,#E23828
PANTONE 1795C,,#D81F2A
PANTONE 1797C,,#D02433
PANTONE 180C,,#C0362C
PANTONE 1805C,,#B0232A
PANTONE 1807C,,#A12830
PANTONE 181C,,#792720
PANTONE 1815C,,#7C211E
PANTONE 1817C,,#5E2728
PANTONE 182C,,#F8B8CB
PANTONE 183C,,#FC8DA9
PANTONE 184C,,#F85D7E
PANTONE 185C,,#EA0437
PANTONE 186C,,#D21034
PANTONE 187C,,#B31B34
PANTONE 188C,,#7C2230
PANTONE 189C,,#F8A1BE
PANTONE 1895C,,#F3BCD4
PANTONE 190C,,#F8779E
PANTONE 1905C,,#F59BBD
PANTONE 191C,,#F23F72
PANTONE 1915C,,#F2558A
PANTONE 192C,,#E90649
PANTONE 1925C,,#E40050
PANTONE 193C,,#C30C3E
PANTONE 1935C,,#CB0447
PANTONE 194C,,#9C1E3D
PANTONE 1945C,,#AA113F
PANTONE 1955C,,#93173B
PANTONE 196C,,#EBC6D3
PANTONE 197C,,#EB9BB2
PANTONE 198C,,#E44D6F
PANTONE 199C,,#DB0C41
PANTONE 200C,,#C10435
PANTONE 201C,,#9E1B34
PANTONE 202C,,#892034
PANTONE 203C,,#EBADCD
PANTONE 204C,,#E87BAC
PANTONE 205C,,#E34585
PANTONE 206C,,#D7004D
PANTONE 207C,,#B10042
PANTONE 208C,,#902147
PANTONE 209C,,#752641
PANTONE 210C,,#FA9FCC
PANTONE 211C,,#F97DB8
PANTONE 212C,,#F34E9A
PANTONE 213C,,#E61577
PANTONE 214C,,#D00063
PANTONE 215C,,#AA1054
PANTONE 216C,,#7A1D42
PANTONE 217C,,#ECBBDD
PANTONE 218C,,#E86FB8
PANTONE 219C,,#E0218A
PANTONE 220C,,#AE0055
PANTONE 221C,,#96004B
PANTONE 222C,,#6C193F
PANTONE 223C,,#F293D1
PANTONE 224C,,#EF6ABF
PANTONE 225C,,#E5239D
PANTONE 226C,,#D60077
PANTONE 227C,,#AE005F
PANTONE 228C,,#8A0753
PANTONE 229C,,#6A1D44
PANTONE 230C,,#F7A7DB
PANTONE 231C,,#F575C9
PANTONE 232C,,#EF40B0
PANTONE 233C,,#C90081
PANTONE 234C,,#A6006B
PANTONE 235C,,#890857
PANTONE 236C,,#F2B0DF
PANTONE 2365C,,#EFC3E4
PANTONE 237C,,#EE86D3
PANTONE 2375C,,#E270CD
PANTONE 238C,,#E653BC
PANTONE 2385C,,#D733B4
PANTONE 239C,,#E032AF
PANTONE 2395C,,#C40098
PANTONE 240C,,#C41E99
PANTONE 2405C,,#A70084
PANTONE 241C,,#AC0481
PANTONE 2415C,,#970076
PANTONE 242C,,#7A1A57
PANTONE 2425C,,#820063
PANTONE 243C,,#E8B7E5
PANTONE 244C,,#E6A2E0
PANTONE 245C,,#DF81D6
PANTONE 246C,,#C70BAC
PANTONE 247C,,#B3009D
PANTONE 248C,,#9E0389
PANTONE 249C,,#7B2266
PANTONE 250C,,#E3C0E6
PANTONE 251C,,#D99CE1
PANTONE 252C,,#CA65D1
PANTONE 253C,,#A91BB0
PANTONE 254C,,#962399
PANTONE 255C,,#70266C
PANTONE 256C,,#D9BFE0
PANTONE 2562C,,#CFA5E4
PANTONE 2563C,,#C79DD8
PANTONE 2567C,,#BB99DA
PANTONE 257C,,#CBA4D4
PANTONE 2572C,,#C084DC
PANTONE 2573C,,#B279C8
PANTONE 2577C,,#A276CC
PANTONE 258C,,#92499E
PANTONE 2582C,,#A24CC8
PANTONE 2583C,,#9950B2
PANTONE 2587C,,#8348B5
PANTONE 259C,,#6C1B72
PANTONE 2592C,,#9016B2
PANTONE 2593C,,#7E2B97
PANTONE 2597C,,#59058D
PANTONE 260C,,#5F1D5F
PANTONE 2602C,,#7D0996
PANTONE 2603C,,#68177F
PANTONE 2607C,,#4F027C
PANTONE 261C,,#591E55
PANTONE 2612C,,#6A1A7A
PANTONE 2613C,,#611774
PANTONE 2617C,,#4B0B71
PANTONE 262C,,#4F2248
PANTONE 2622C,,#572458
PANTONE 2623C,,#581963
PANTONE 2627C,,#43125F
PANTONE 263C,,#D8CBEB
PANTONE 2635C,,#BFAFE4
PANTONE 264C,,#BCA8E6
PANTONE 2645C,,#AA94DE
PANTONE 265C,,#8D65D2
PANTONE 2655C,,#9173D3
PANTONE 266C,,#6732BA
PANTONE 2665C,,#7A52C7
PANTONE 267C,,#4F1F91
PANTONE 268C,,#4A217E
PANTONE 2685C,,#3B0084
PANTONE 269C,,#452663
PANTONE 2695C,,#381D59
PANTONE 270C,,#ADACDC
PANTONE 2705C,,#A29FE0
PANTONE 2706C,,#C4CBEA
PANTONE 2707C,,#BDD0EE
PANTONE 2708C,,#B1C5EA
PANTONE 271C,,#9490D2
PANTONE 2715C,,#8580D8
PANTONE 2716C,,#94A1E2
PANTONE 2717C,,#A1BDEA
PANTONE 2718C,,#547ED9
PANTONE 272C,,#7973C2
PANTONE 2725C,,#5E53C7
PANTONE 2726C,,#4555C7
PANTONE 2727C,,#3878DB
PANTONE 2728C,,#0047BE
PANTONE 273C,,#25177A
PANTONE 2735C,,#280092
PANTONE 2736C,,#1E22AE
PANTONE 2738C,,#00129D
PANTONE 274C,,#211265
PANTONE 2745C,,#22007A
PANTONE 2746C,,#1A1C96
PANTONE 2747C,,#00237E
PANTONE 2748C,,#001A7B
PANTONE 275C,,#1D1157
PANTONE 2755C,,#1B0069
PANTONE 2756C,,#151D71
PANTONE 2757C,,#002065
PANTONE 2758C,,#001D68
PANTONE 276C,,#241A44
PANTONE 2765C,,#1B0C55
PANTONE 2766C,,#151C55
PANTONE 2767C,,#0B2345
PANTONE 2768C,,3.1E+52
PANTONE 277C,,A9C7EC
PANTONE 278C,,#8CB4E8
PANTONE 279C,,#4189DD
PANTONE 280C,,#00267F
PANTONE 281C,,#002569
PANTONE 282C,,#00204E
PANTONE 283C,,#93BFEB
PANTONE 284C,,#6CABE7
PANTONE 285C,,#0077D4
PANTONE 286C,,#0035AD
PANTONE 287C,,#003798
PANTONE 288C,,#003082
PANTONE 289C,,#00234C
PANTONE 290C,,#BED9ED
PANTONE 2905C,,#92C9EB
PANTONE 291C,,#A4CEEC
PANTONE 2915C,,#62B4E8
PANTONE 292C,,#6AB2E7
PANTONE 2925C,,#0092DD
PANTONE 293C,,#0047B6
PANTONE 2935C,,#005BC3
PANTONE 294C,,#003580
PANTONE 2945C,,#0053A5
PANTONE 295C,,#002D62
PANTONE 2955C,,#003B6F
PANTONE 296C,,#002740
PANTONE 2965C,,#003151
PANTONE 297C,,#78C7EB
PANTONE 2975C,,#A5D9EC
PANTONE 298C,,#42B4E6
PANTONE 2985C,,#40BDE8
PANTONE 299C,,#00A0E2
PANTONE 2995C,,#00A2E1
PANTONE 300C,,#0067C6
PANTONE 3005C,,#0076CC
PANTONE 301C,,#00529B
PANTONE 3015C,,#0060A1
PANTONE 302C,,#00436E
PANTONE 3025C,,#00496E
PANTONE 303C,,#00344D
PANTONE 3035C,,#003A4F
PANTONE 304C,,#A2DBEB
PANTONE 305C,,#53CAEB
PANTONE 306C,,#00B5E6
PANTONE 307C,,#0070B2
PANTONE 308C,,#005883
PANTONE 309C,,#003947
PANTONE 310C,,#66CFE6
PANTONE 3105C,,#6FD2E4
PANTONE 311C,,#00C2E3
PANTONE 3115C,,#00C4DC
PANTONE 312C,,#00A7D4
PANTONE 3125C,,#00AECE
PANTONE 313C,,#0092C7
PANTONE 3135C,,#0092BA
PANTONE 314C,,#007FAC
PANTONE 3145C,,#007A97
PANTONE 315C,,#006685
PANTONE 3155C,,#00667C
PANTONE 316C,,#004650
PANTONE 3165C,,#004F5D
PANTONE 317C,,#BFE5EA
PANTONE 318C,,#8EDBE5
PANTONE 319C,,#36CCDA
PANTONE 320C,,#0097AC
PANTONE 321C,,#008193
PANTONE 322C,,#006F7A
PANTONE 323C,,#006068
PANTONE 324C,,#98D9DB
PANTONE 3242C,,#75D9D8
PANTONE 3245C,,#7BDDD8
PANTONE 3248C,,#7BD2C8
PANTONE 325C,,#47C7C7
PANTONE 3252C,,#41D2D2
PANTONE 3255C,,#32D4CB
PANTONE 3258C,,#43C4B7
PANTONE 326C,,#00AFAD
PANTONE 3262C,,#00BAB9
PANTONE 3265C,,#00C2B6
PANTONE 3268C,,#00A994
PANTONE 327C,,#008579
PANTONE 3272C,,#00A19C
PANTONE 3275C,,#00B09D
PANTONE 3278C,,#00997A
PANTONE 328C,,#007168
PANTONE 3282C,,#008480
PANTONE 3285C,,#009384
PANTONE 3288C,,#007E64
PANTONE 329C,,#00625A
PANTONE 3292C,,#005A53
PANTONE 3295C,,#007C6F
PANTONE 3298C,,#006752
PANTONE 330C,,#00524D
PANTONE 3302C,,#00423C
PANTONE 3305C,,#004A41
PANTONE 3308C,,#004236
PANTONE 331C,,#B2E7DF
PANTONE 332C,,#9FE4DB
PANTONE 333C,,#43D9C7
PANTONE 334C,,#009878
PANTONE 335C,,#007B63
PANTONE 336C,,#006651
PANTONE 337C,,#94D8C8
PANTONE 3375C,,#81E0C7
PANTONE 338C,,#76D1BD
PANTONE 3385C,,#3BD6B2
PANTONE 339C,,#00B08B
PANTONE 3395C,,#00C590
PANTONE 340C,,#009460
PANTONE 3405C,,#00AE68
PANTONE 341C,,#007856
PANTONE 3415C,,#00774B
PANTONE 342C,,#006A4E
PANTONE 3425C,,#006644
PANTONE 343C,,#00533E
PANTONE 3435C,,#004731
PANTONE 344C,,#A6DEC1
PANTONE 345C,,#89D5AF
PANTONE 346C,,#5EC998
PANTONE 347C,,#009543
PANTONE 348C,,#007E3A
PANTONE 349C,,#006233
PANTONE 350C,,#18472C
PANTONE 351C,,#A7E6C4
PANTONE 352C,,#87E0B0
PANTONE 353C,,#6ADCA2
PANTONE 354C,,#00AB39
PANTONE 355C,,#009530
PANTONE 356C,,#007229
PANTONE 357C,,#0F4D2A
PANTONE 358C,,#A5DB92
PANTONE 359C,,#9FD98B
PANTONE 360C,,#55BE47
PANTONE 361C,,#12AD2B
PANTONE 362C,,#289728
PANTONE 363C,,#2F8927
PANTONE 364C,,#317023
PANTONE 365C,,#CCE5A2
PANTONE 366C,,#BCE18D
PANTONE 367C,,#A4D867
PANTONE 368C,,#62BD19
PANTONE 369C,,#4FA600
PANTONE 370C,,#4F8A10
PANTONE 371C,,#4A601C
PANTONE 372C,,#D7E9A1
PANTONE 373C,,#CDE985
PANTONE 374C,,#BAE55F
PANTONE 375C,,#87D300
PANTONE 376C,,#76B900
PANTONE 377C,,#679000
PANTONE 378C,,#4D5A12
PANTONE 379C,,#DDE56C
PANTONE 380C,,#D3E13C
PANTONE 381C,,#C8DB00
PANTONE 382C,,#B9D300
PANTONE 383C,,#9FAA00
PANTONE 384C,,#8B9000
PANTONE 385C,,#6E6A12
PANTONE 386C,,#E5E96E
PANTONE 387C,,#DEE63A
PANTONE 388C,,#D7E300
PANTONE 389C,,#C6DB00
PANTONE 390C,,#B2BC00
PANTONE 391C,,#959200
PANTONE 392C,,#7F7800
PANTONE 393C,,#EDEB8F
PANTONE 3935C,,#F0EB7A
PANTONE 394C,,#E9E73F
PANTONE 3945C,,#EFE600
PANTONE 395C,,#E4E400
PANTONE 3955C,,#ECE100
PANTONE 396C,,#DDDF00
PANTONE 3965C,,#E9DC00
PANTONE 397C,,#BEB800
PANTONE 3975C,,#BBA800
PANTONE 398C,,#ABA200
PANTONE 3985C,,#9B8900
PANTONE 399C,,#998D00
PANTONE 3995C,,#6A5B07
PANTONE 400C,,#CDC9C4
PANTONE 401C,,#BDB8B1
PANTONE 402C,,#ADA59D
PANTONE 403C,,#988F86
PANTONE 404C,,#7C7369
PANTONE 405C,,#645A50
PANTONE 406C,,#CAC4C2
PANTONE 408C,,#A59997
PANTONE 409C,,#948683
PANTONE 410C,,#7B6E6A
PANTONE 411C,,#62524E
PANTONE 412C,,#372B27
PANTONE 413C,,#C8C9C3
PANTONE 414C,,#B5B6B0
PANTONE 415C,,#9D9D96
PANTONE 416C,,#87887F
PANTONE 417C,,#6E6F64
PANTONE 418C,,#5A5B51
PANTONE 419C,,#1F211C
PANTONE 420C,,#CCCCCC
PANTONE 421C,,#BABBBC
PANTONE 422C,,#A9AAAB
PANTONE 423C,,#939495
PANTONE 424C,,#767A7D
PANTONE 425C,,#56595C
PANTONE 426C,,#212424
PANTONE 427C,,#D2D6D9
PANTONE 428C,,#C3C8CD
PANTONE 429C,,#A8ADB4
PANTONE 430C,,#868F98
PANTONE 431C,,#616A74
PANTONE 432C,,#414B56
PANTONE 433C,,#212930
PANTONE 434C,,#D3C9CE
PANTONE 435C,,#C8BAC0
PANTONE 436C,,#B7A6AD
PANTONE 437C,,#846E74
PANTONE 438C,,#513E3E
PANTONE 439C,,#443535
PANTONE 440C,,#392E2C
PANTONE 441C,,#CBD1D4
PANTONE 442C,,#B3BCC0
PANTONE 443C,,#99A3A6
PANTONE 444C,,#7B858A
PANTONE 445C,,#4F5559
PANTONE 446C,,#3D4242
PANTONE 447C,,#323532
PANTONE 448C,,#473E26
PANTONE 4485C,,#5D4718
PANTONE 449C,,#4D4325
PANTONE 4495C,,#836E2C
PANTONE 450C,,#514826
PANTONE 4505C,,#9B8948
PANTONE 451C,,#9F9B74
PANTONE 4515C,,#B5A570
PANTONE 452C,,#B5B292
PANTONE 4525C,,#C5BA8E
PANTONE 453C,,#C8C5AC
PANTONE 4535C,,#D4CCAA
PANTONE 454C,,#D5D3BF
PANTONE 4545C,,#DED9C2
PANTONE 455C,,#655415
PANTONE 456C,,#977F09
PANTONE 457C,,#B29200
PANTONE 458C,,#DBCA67
PANTONE 459C,,#DFD27C
PANTONE 460C,,#E5DB97
PANTONE 461C,,#E7E3B5
PANTONE 462C,,#563F23
PANTONE 4625C,,#4E2614
PANTONE 463C,,#6D4921
PANTONE 4635C,,#905A33
PANTONE 464C,,#855723
PANTONE 4645C,,#B17F5C
PANTONE 465C,,#B99C6B
PANTONE 4655C,,#C09477
PANTONE 466C,,#CAB388
PANTONE 4665C,,#D1AE97
PANTONE 467C,,#D5C4A1
PANTONE 4675C,,#DDC2B0
PANTONE 468C,,#E0D4BB
PANTONE 4685C,,#E4D2C5
PANTONE 469C,,#613418
PANTONE 4695C,,#532821
PANTONE 470C,,#9B4D1B
PANTONE 4705C,,#7F4C3E
PANTONE 471C,,#B75312
PANTONE 4715C,,#9B6E5F
PANTONE 472C,,#E49969
PANTONE 4725C,,#B28D7F
PANTONE 473C,,#EDB996
PANTONE 4735C,,#C5AAA0
PANTONE 474C,,#EEC5A9
PANTONE 4745C,,#D4BEB6
PANTONE 475C,,#F0D0BB
PANTONE 4755C,,#DDCDC7
PANTONE 476C,,#513127
PANTONE 477C,,#5E2F24
PANTONE 478C,,#723629
PANTONE 479C,,#AD806C
PANTONE 480C,,#C8A99A
PANTONE 481C,,#D5BDB0
PANTONE 482C,,#DDCEC4
PANTONE 483C,,#6A2E22
PANTONE 484C,,#9F2D20
PANTONE 485C,,#DC241F
PANTONE 486C,,#EC9384
PANTONE 487C,,#ECAB9D
PANTONE 488C,,#ECBBAF
PANTONE 489C,,#EBCDC3
PANTONE 490C,,#5A272A
PANTONE 491C,,#772B2F
PANTONE 492C,,#91353B
PANTONE 494C,,#E7A7B6
PANTONE 495C,,#EDB8C5
PANTONE 496C,,#EFC4CE
PANTONE 497C,,#4E2A28
PANTONE 4975C,,#441E1F
PANTONE 498C,,#68322E
PANTONE 4985C,,#854A50
PANTONE 499C,,#763931
PANTONE 4995C,,#A16971
PANTONE 500C,,#C88691
PANTONE 5005C,,#B7848C
PANTONE 501C,,#DEACB7
PANTONE 5015C,,#D1A9B0
PANTONE 502C,,#E5BFC7
PANTONE 5025C,,#DBBCC1
PANTONE 503C,,#E9CCD2
PANTONE 5035C,,#E3CBD0
PANTONE 504C,,#4E2029
PANTONE 505C,,#6E2639
PANTONE 506C,,#7E2B42
PANTONE 507C,,#D38DA6
PANTONE 508C,,#E2ABBF
PANTONE 509C,,#E7B9CA
PANTONE 510C,,#E9C2D1
PANTONE 511C,,#60244E
PANTONE 5115C,,#4B253E
PANTONE 512C,,#7E2271
PANTONE 5125C,,#704165
PANTONE 513C,,#95288F
PANTONE 5135C,,#885E80
PANTONE 514C,,#D385C8
PANTONE 5145C,,#A17E9A
PANTONE 515C,,#DFA5D6
PANTONE 5155C,,#C0A6BD
PANTONE 516C,,#E7BADF
PANTONE 5165C,,#D6C5D3
PANTONE 517C,,#EBCAE3
PANTONE 5175C,,#E0D5DE
PANTONE 518C,,#4B2A46
PANTONE 5185C,,#45293B
PANTONE 519C,,#5A2D5F
PANTONE 5195C,,#5E3A51
PANTONE 520C,,#682F73
PANTONE 5205C,,#8B687D
PANTONE 521C,,#AD85BA
PANTONE 5215C,,#B195A6
PANTONE 522C,,#BD9ECA
PANTONE 5225C,,#C6B0BE
PANTONE 523C,,#CBB2D5
PANTONE 5235C,,#D4C4CE
PANTONE 524C,,#DACCE1
PANTONE 5245C,,#DFD4DB
PANTONE 525C,,#51265A
PANTONE 5255C,,#2A254B
PANTONE 526C,,#61207F
PANTONE 5265C,,#433B67
PANTONE 527C,,#6E20A0
PANTONE 5275C,,#57527E
PANTONE 528C,,#A774CD
PANTONE 5285C,,#8581A4
PANTONE 529C,,#C6A4E1
PANTONE 5295C,,#AAA7C1
PANTONE 530C,,#CFB1E3
PANTONE 5305C,,#C1BED1
PANTONE 531C,,#D7C4E7
PANTONE 5315C,,#D4D4E0
PANTONE 532C,,#262A39
PANTONE 533C,,#253355
PANTONE 534C,,#293F6F
PANTONE 535C,,#95A1C3
PANTONE 536C,,#A4B1CD
PANTONE 537C,,#BDC6DA
PANTONE 538C,,#D2D7E4
PANTONE 539C,,#002A46
PANTONE 5395C,,#02253A
PANTONE 540C,,#002F5D
PANTONE 5405C,,#3E647E
PANTONE 541C,,#003C79
PANTONE 5415C,,#587993
PANTONE 542C,,#5998C9
PANTONE 5425C,,#7C98AE
PANTONE 543C,,#93B9DC
PANTONE 5435C,,#A5B8C9
PANTONE 544C,,#B1CBE5
PANTONE 5445C,,#BCCAD6
PANTONE 545C,,#BFD3E6
PANTONE 5455C,,#CCD6E0
PANTONE 546C,,#003440
PANTONE 5463C,,#002830
PANTONE 5467C,,#183533
PANTONE 547C,,#003E51
PANTONE 5473C,,#00626E
PANTONE 5477C,,#3C5B59
PANTONE 548C,,#004159
PANTONE 5483C,,#4F8D97
PANTONE 5487C,,#627D7C
PANTONE 549C,,#5B97B1
PANTONE 5493C,,#81ADB5
PANTONE 5497C,,#8DA09F
PANTONE 550C,,#85B0C6
PANTONE 5503C,,#A1C3C9
PANTONE 5507C,,#AAB8B9
PANTONE 551C,,#9FC1D3
PANTONE 5513C,,#BED5D9
PANTONE 5517C,,#BFCBCC
PANTONE 552C,,#B9D0DC
PANTONE 5523C,,#CFDEE1
PANTONE 5527C,,#CCD4D4
PANTONE 553C,,#214232
PANTONE 5535C,,#1B3930
PANTONE 554C,,#24604A
PANTONE 5545C,,#4A6D62
PANTONE 555C,,#13694E
PANTONE 5555C,,#6E8D82
PANTONE 556C,,#74A18E
PANTONE 5565C,,#8FA8A0
PANTONE 557C,,#98BAAC
PANTONE 5575C,,#A9BDB6
PANTONE 558C,,#ACC7BD
PANTONE 5585C,,#C0CFCB
PANTONE 559C,,#C0D4CD
PANTONE 5595C,,#D3DEDB
PANTONE 560C,,#22483F
PANTONE 5605C,,#193025
PANTONE 561C,,#0F6259
PANTONE 5615C,,#5A7060
PANTONE 562C,,#007770
PANTONE 5625C,,#6C8072
PANTONE 563C,,#72B8B4
PANTONE 5635C,,#97A69B
PANTONE 564C,,#98CCC9
PANTONE 5645C,,#B1BCB5
PANTONE 565C,,#B9DCDA
PANTONE 5655C,,#BDC5BF
PANTONE 566C,,#CDE3E2
PANTONE 5665C,,#CDD3CD
PANTONE 567C,,#18453B
PANTONE 569C,,#008478
PANTONE 570C,,#76C6BE
PANTONE 571C,,#9DD6CF
PANTONE 572C,,#B4DEDB
PANTONE 573C,,#C1E2DE
PANTONE 574C,,#404F24
PANTONE 5743C,,#3E4723
PANTONE 5747C,,#404616
PANTONE 575C,,#56732E
PANTONE 5753C,,#5E6639
PANTONE 5757C,,#6F732D
PANTONE 576C,,#668E3C
PANTONE 5763C,,#6E7649
PANTONE 5767C,,#8D9150
PANTONE 577C,,#B2C891
PANTONE 5773C,,#939871
PANTONE 5777C,,#A7AB74
PANTONE 578C,,#BDD0A0
PANTONE 5783C,,#ADB291
PANTONE 5787C,,#C1C49A
PANTONE 579C,,#C5D5A9
PANTONE 5793C,,#BDC2A9
PANTONE 5797C,,#CED1B3
PANTONE 580C,,#CFDDBB
PANTONE 5803C,,#CED2BF
PANTONE 5807C,,#D9DCC5
PANTONE 581C,,#605A12
PANTONE 5815C,,#4B4516
PANTONE 582C,,#888600
PANTONE 5825C,,#7D762F
PANTONE 583C,,#ABB400
PANTONE 5835C,,#9D9754
PANTONE 584C,,#CBD34C
PANTONE 5845C,,#ADA86B
PANTONE 585C,,#D8DB6F
PANTONE 5855C,,#C7C397
PANTONE 586C,,#DDE18A
PANTONE 5865C,,#D3CFAC
PANTONE 587C,,#E2E59F
PANTONE 5875C,,#D9D7B9
PANTONE 600C,,#EEEBB6
PANTONE 601C,,#EEEAA5
PANTONE 602C,,#EEE88D
PANTONE 603C,,#EDE25E
PANTONE 604C,,#EADB1B
PANTONE 605C,,#E0CA00
PANTONE 606C,,#D8BD00
PANTONE 607C,,#EBE9C3
PANTONE 608C,,#E9E6B4
PANTONE 609C,,#E7E29A
PANTONE 610C,,#E2D973
PANTONE 611C,,#D8CC46
PANTONE 612C,,#C4B300
PANTONE 613C,,#B39D00
PANTONE 614C,,#E3E1C1
PANTONE 615C,,#DDDBB1
PANTONE 616C,,#D7D29D
PANTONE 617C,,#C9C37F
PANTONE 618C,,#B4A851
PANTONE 619C,,#9C8E2A
PANTONE 620C,,#887811
PANTONE 621C,,#D2DFDC
PANTONE 622C,,#BDD2CC
PANTONE 623C,,#9EBCB3
PANTONE 624C,,#78A095
PANTONE 625C,,#518274
PANTONE 626C,,#1F5647
PANTONE 627C,,#032D23
PANTONE 628C,,#C8E2E8
PANTONE 629C,,#AADAE5
PANTONE 630C,,#82CBDD
PANTONE 631C,,#48B8D2
PANTONE 632C,,#009EC0
PANTONE 633C,,#007CA4
PANTONE 634C,,#00628C
PANTONE 635C,,#ADDDEB
PANTONE 636C,,#8DD4E9
PANTONE 637C,,#5BC8E7
PANTONE 638C,,#00B2DE
PANTONE 639C,,#009ACF
PANTONE 640C,,#0085C2
PANTONE 641C,,#0070B2
PANTONE 642C,,#CED9E7
PANTONE 643C,,#C5D2E3
PANTONE 644C,,#97B1D0
PANTONE 645C,,#7498C0
PANTONE 646C,,#5781AE
PANTONE 647C,,#11568C
PANTONE 648C,,#002B5F
PANTONE 649C,,#D4DCE8
PANTONE 650C,,#C2CDE0
PANTONE 651C,,#99AECE
PANTONE 652C,,#6F8DB9
PANTONE 653C,,#2A568F
PANTONE 654C,,#003066
PANTONE 655C,,#002252
PANTONE 656C,,#D4DDED
PANTONE 657C,,#BFD0EA
PANTONE 658C,,#A1BBE4
PANTONE 659C,,#6E96D5
PANTONE 660C,,#296DC1
PANTONE 661C,,#003596
PANTONE 662C,,#002280
PANTONE 663C,,#DED8E6
PANTONE 664C,,#D7D0E0
PANTONE 665C,,#C5BBD3
PANTONE 666C,,#A392B7
PANTONE 667C,,#7C6495
PANTONE 668C,,#624A7E
PANTONE 669C,,#432C5F
PANTONE 670C,,#EAD4E4
PANTONE 671C,,#E6C1DB
PANTONE 672C,,#E1A7CF
PANTONE 673C,,#DA89BE
PANTONE 674C,,#CE62A4
PANTONE 675C,,#B62A79
PANTONE 676C,,#A30059
PANTONE 677C,,#E5D1DF
PANTONE 678C,,#E2C9DA
PANTONE 679C,,#DEBDD4
PANTONE 680C,,#CB97B7
PANTONE 681C,,#B8749E
PANTONE 682C,,#9C4878
PANTONE 683C,,#7C2250
PANTONE 684C,,#E5CAD9
PANTONE 685C,,#E1BCD0
PANTONE 686C,,#DBAEC6
PANTONE 687C,,#C686A9
PANTONE 688C,,#B46B93
PANTONE 689C,,#95416F
PANTONE 690C,,#6D2348
PANTONE 691C,,#E7CDD2
PANTONE 692C,,#E2C1C8
PANTONE 693C,,#D9A7B1
PANTONE 694C,,#CA909C
PANTONE 695C,,#B06876
PANTONE 696C,,#944554
PANTONE 697C,,#81333D
PANTONE 698C,,#EDCFD7
PANTONE 699C,,#F0C2CD
PANTONE 700C,,#ECA9B9
PANTONE 701C,,#E58DA2
PANTONE 702C,,#D5647C
PANTONE 703C,,#BA394E
PANTONE 704C,,#A22630
PANTONE 705C,,#F2D6DE
PANTONE 706C,,#F5C7D4
PANTONE 707C,,#F5B0C1
PANTONE 708C,,#F590A6
PANTONE 709C,,#EF6782
PANTONE 710C,,#E54661
PANTONE 711C,,#D32939
PANTONE 712C,,#FACDAE
PANTONE 713C,,#FBC399
PANTONE 714C,,#FDB179
PANTONE 715C,,#F9964A
PANTONE 716C,,#F17C0E
PANTONE 717C,,#DE6100
PANTONE 718C,,#CF5200
PANTONE 719C,,#EFCFB8
PANTONE 720C,,#ECC3A5
PANTONE 721C,,#E5AE86
PANTONE 722C,,#D58F59
PANTONE 723C,,#C0722F
PANTONE 724C,,#9A4B00
PANTONE 725C,,#843B00
PANTONE 726C,,#E8CEBB
PANTONE 727C,,#E1BEA4
PANTONE 728C,,#D5AA88
PANTONE 729C,,#C38E63
PANTONE 730C,,#AC703D
PANTONE 731C,,#793F0D
PANTONE 732C,,#64300A
PANTONE 801C,,#00A7D8
PANTONE 802C,,#5BDD45
PANTONE 803C,,#FFE805
PANTONE 804C,,#FFA243
PANTONE 805C,,#FF585E
PANTONE 806C,,#FF1CAC
PANTONE 807C,,#D708B2
PANTONE 808C,,#00AE97
PANTONE 809C,,#E1E400
PANTONE 810C,,#FFCE09
PANTONE 811C,,#FF7750
PANTONE 812C,,#FF3485
PANTONE 813C,,#EA12AF
PANTONE 814C,,#7E60CE
